{"_format":"","paths":{"artifacts":"out","build_infos":"out/build-info","sources":"src","tests":"test","scripts":"script","libraries":["lib"]},"files":{"lib/forge-std/src/Base.sol":{"lastModificationDate":1721724809600,"contentHash":"ee13c050b1914464f1d3f90cde90204b","sourceName":"lib/forge-std/src/Base.sol","compilerSettings":{"solc":{"optimizer":{"enabled":true,"runs":200},"metadata":{"useLiteralContent":false,"bytecodeHash":"ipfs","appendCBOR":true},"outputSelection":{"*":{"*":["abi","evm.bytecode","evm.deployedBytecode","evm.methodIdentifiers","metadata"]}},"evmVersion":"paris","viaIR":false,"libraries":{}},"vyper":{"evmVersion":"paris","outputSelection":{"*":{"*":["abi","evm.bytecode","evm.deployedBytecode"]}}}},"imports":["lib/forge-std/src/StdStorage.sol","lib/forge-std/src/Vm.sol"],"versionRequirement":">=0.6.2, <0.9.0","artifacts":{"CommonBase":{"0.8.20":{"path":"src/Base.sol/CommonBase.json","build_id":"dc8e2c33fc6692a6888733515b5ee7e1"},"0.8.26":{"path":"Base.sol/CommonBase.json","build_id":"6948df710298e92ae757ccdceb5b05db"}},"ScriptBase":{"0.8.20":{"path":"src/Base.sol/ScriptBase.json","build_id":"dc8e2c33fc6692a6888733515b5ee7e1"},"0.8.26":{"path":"Base.sol/ScriptBase.json","build_id":"6948df710298e92ae757ccdceb5b05db"}},"TestBase":{"0.8.20":{"path":"src/Base.sol/TestBase.json","build_id":"dc8e2c33fc6692a6888733515b5ee7e1"},"0.8.26":{"path":"Base.sol/TestBase.json","build_id":"6948df710298e92ae757ccdceb5b05db"}}},"seenByCompiler":true},"lib/forge-std/src/StdAssertions.sol":{"lastModificationDate":1721724809617,"contentHash":"25b77f9806b64d497b8a46aeb8e5f6f0","sourceName":"lib/forge-std/src/StdAssertions.sol","compilerSettings":{"solc":{"optimizer":{"enabled":true,"runs":200},"metadata":{"useLiteralContent":false,"bytecodeHash":"ipfs","appendCBOR":true},"outputSelection":{"*":{"*":["abi","evm.bytecode","evm.deployedBytecode","evm.methodIdentifiers","metadata"]}},"evmVersion":"paris","viaIR":false,"libraries":{}},"vyper":{"evmVersion":"paris","outputSelection":{"*":{"*":["abi","evm.bytecode","evm.deployedBytecode"]}}}},"imports":["lib/forge-std/src/Vm.sol"],"versionRequirement":">=0.6.2, <0.9.0","artifacts":{"StdAssertions":{"0.8.20":{"path":"src/StdAssertions.sol/StdAssertions.json","build_id":"dc8e2c33fc6692a6888733515b5ee7e1"},"0.8.26":{"path":"StdAssertions.sol/StdAssertions.json","build_id":"6948df710298e92ae757ccdceb5b05db"}}},"seenByCompiler":true},"lib/forge-std/src/StdChains.sol":{"lastModificationDate":1721724809627,"contentHash":"134a39a51ebf6702e9537d9b72fc4812","sourceName":"lib/forge-std/src/StdChains.sol","compilerSettings":{"solc":{"optimizer":{"enabled":true,"runs":200},"metadata":{"useLiteralContent":false,"bytecodeHash":"ipfs","appendCBOR":true},"outputSelection":{"*":{"*":["abi","evm.bytecode","evm.deployedBytecode","evm.methodIdentifiers","metadata"]}},"evmVersion":"paris","viaIR":false,"libraries":{}},"vyper":{"evmVersion":"paris","outputSelection":{"*":{"*":["abi","evm.bytecode","evm.deployedBytecode"]}}}},"imports":["lib/forge-std/src/Vm.sol"],"versionRequirement":">=0.6.2, <0.9.0","artifacts":{"StdChains":{"0.8.20":{"path":"src/StdChains.sol/StdChains.json","build_id":"dc8e2c33fc6692a6888733515b5ee7e1"},"0.8.26":{"path":"StdChains.sol/StdChains.json","build_id":"6948df710298e92ae757ccdceb5b05db"}}},"seenByCompiler":true},"lib/forge-std/src/StdCheats.sol":{"lastModificationDate":1721724809635,"contentHash":"7922ae0087a21ee3cdb97137be18c06c","sourceName":"lib/forge-std/src/StdCheats.sol","compilerSettings":{"solc":{"optimizer":{"enabled":true,"runs":200},"metadata":{"useLiteralContent":false,"bytecodeHash":"ipfs","appendCBOR":true},"outputSelection":{"*":{"*":["abi","evm.bytecode","evm.deployedBytecode","evm.methodIdentifiers","metadata"]}},"evmVersion":"paris","viaIR":false,"libraries":{}},"vyper":{"evmVersion":"paris","outputSelection":{"*":{"*":["abi","evm.bytecode","evm.deployedBytecode"]}}}},"imports":["lib/forge-std/src/StdStorage.sol","lib/forge-std/src/Vm.sol","lib/forge-std/src/console.sol","lib/forge-std/src/console2.sol"],"versionRequirement":">=0.6.2, <0.9.0","artifacts":{"StdCheats":{"0.8.20":{"path":"src/StdCheats.sol/StdCheats.json","build_id":"dc8e2c33fc6692a6888733515b5ee7e1"},"0.8.26":{"path":"StdCheats.sol/StdCheats.json","build_id":"6948df710298e92ae757ccdceb5b05db"}},"StdCheatsSafe":{"0.8.20":{"path":"src/StdCheats.sol/StdCheatsSafe.json","build_id":"dc8e2c33fc6692a6888733515b5ee7e1"},"0.8.26":{"path":"StdCheats.sol/StdCheatsSafe.json","build_id":"6948df710298e92ae757ccdceb5b05db"}}},"seenByCompiler":true},"lib/forge-std/src/StdError.sol":{"lastModificationDate":1721724809645,"contentHash":"64c896e1276a291776e5ea5aecb3870a","sourceName":"lib/forge-std/src/StdError.sol","compilerSettings":{"solc":{"optimizer":{"enabled":true,"runs":200},"metadata":{"useLiteralContent":false,"bytecodeHash":"ipfs","appendCBOR":true},"outputSelection":{"*":{"*":["abi","evm.bytecode","evm.deployedBytecode","evm.methodIdentifiers","metadata"]}},"evmVersion":"paris","viaIR":false,"libraries":{}},"vyper":{"evmVersion":"paris","outputSelection":{"*":{"*":["abi","evm.bytecode","evm.deployedBytecode"]}}}},"imports":[],"versionRequirement":">=0.6.2, <0.9.0","artifacts":{"stdError":{"0.8.20":{"path":"src/StdError.sol/stdError.json","build_id":"dc8e2c33fc6692a6888733515b5ee7e1"},"0.8.26":{"path":"StdError.sol/stdError.json","build_id":"6948df710298e92ae757ccdceb5b05db"}}},"seenByCompiler":true},"lib/forge-std/src/StdInvariant.sol":{"lastModificationDate":1721724809655,"contentHash":"f16837d0e7cb829544ae1f1319ea7643","sourceName":"lib/forge-std/src/StdInvariant.sol","compilerSettings":{"solc":{"optimizer":{"enabled":true,"runs":200},"metadata":{"useLiteralContent":false,"bytecodeHash":"ipfs","appendCBOR":true},"outputSelection":{"*":{"*":["abi","evm.bytecode","evm.deployedBytecode","evm.methodIdentifiers","metadata"]}},"evmVersion":"paris","viaIR":false,"libraries":{}},"vyper":{"evmVersion":"paris","outputSelection":{"*":{"*":["abi","evm.bytecode","evm.deployedBytecode"]}}}},"imports":[],"versionRequirement":">=0.6.2, <0.9.0","artifacts":{"StdInvariant":{"0.8.20":{"path":"src/StdInvariant.sol/StdInvariant.json","build_id":"dc8e2c33fc6692a6888733515b5ee7e1"},"0.8.26":{"path":"StdInvariant.sol/StdInvariant.json","build_id":"6948df710298e92ae757ccdceb5b05db"}}},"seenByCompiler":true},"lib/forge-std/src/StdJson.sol":{"lastModificationDate":1721724809664,"contentHash":"3339192c616789604138e2d8206c0702","sourceName":"lib/forge-std/src/StdJson.sol","compilerSettings":{"solc":{"optimizer":{"enabled":true,"runs":200},"metadata":{"useLiteralContent":false,"bytecodeHash":"ipfs","appendCBOR":true},"outputSelection":{"*":{"*":["abi","evm.bytecode","evm.deployedBytecode","evm.methodIdentifiers","metadata"]}},"evmVersion":"paris","viaIR":false,"libraries":{}},"vyper":{"evmVersion":"paris","outputSelection":{"*":{"*":["abi","evm.bytecode","evm.deployedBytecode"]}}}},"imports":["lib/forge-std/src/Vm.sol"],"versionRequirement":">=0.6.0, <0.9.0","artifacts":{"stdJson":{"0.8.20":{"path":"src/StdJson.sol/stdJson.json","build_id":"dc8e2c33fc6692a6888733515b5ee7e1"},"0.8.26":{"path":"StdJson.sol/stdJson.json","build_id":"6948df710298e92ae757ccdceb5b05db"}}},"seenByCompiler":true},"lib/forge-std/src/StdMath.sol":{"lastModificationDate":1721724809672,"contentHash":"9da8f453eba6bb98f3d75bc6822bfb29","sourceName":"lib/forge-std/src/StdMath.sol","compilerSettings":{"solc":{"optimizer":{"enabled":true,"runs":200},"metadata":{"useLiteralContent":false,"bytecodeHash":"ipfs","appendCBOR":true},"outputSelection":{"*":{"*":["abi","evm.bytecode","evm.deployedBytecode","evm.methodIdentifiers","metadata"]}},"evmVersion":"paris","viaIR":false,"libraries":{}},"vyper":{"evmVersion":"paris","outputSelection":{"*":{"*":["abi","evm.bytecode","evm.deployedBytecode"]}}}},"imports":[],"versionRequirement":">=0.6.2, <0.9.0","artifacts":{"stdMath":{"0.8.20":{"path":"src/StdMath.sol/stdMath.json","build_id":"dc8e2c33fc6692a6888733515b5ee7e1"},"0.8.26":{"path":"StdMath.sol/stdMath.json","build_id":"6948df710298e92ae757ccdceb5b05db"}}},"seenByCompiler":true},"lib/forge-std/src/StdStorage.sol":{"lastModificationDate":1721724811728,"contentHash":"5955d11c6b4a5e64839b4419e0fe71c4","sourceName":"lib/forge-std/src/StdStorage.sol","compilerSettings":{"solc":{"optimizer":{"enabled":true,"runs":200},"metadata":{"useLiteralContent":false,"bytecodeHash":"ipfs","appendCBOR":true},"outputSelection":{"*":{"*":["abi","evm.bytecode","evm.deployedBytecode","evm.methodIdentifiers","metadata"]}},"evmVersion":"paris","viaIR":false,"libraries":{}},"vyper":{"evmVersion":"paris","outputSelection":{"*":{"*":["abi","evm.bytecode","evm.deployedBytecode"]}}}},"imports":["lib/forge-std/src/Vm.sol"],"versionRequirement":">=0.6.2, <0.9.0","artifacts":{"stdStorage":{"0.8.20":{"path":"src/StdStorage.sol/stdStorage.json","build_id":"dc8e2c33fc6692a6888733515b5ee7e1"},"0.8.26":{"path":"StdStorage.sol/stdStorage.json","build_id":"6948df710298e92ae757ccdceb5b05db"}},"stdStorageSafe":{"0.8.20":{"path":"src/StdStorage.sol/stdStorageSafe.json","build_id":"dc8e2c33fc6692a6888733515b5ee7e1"},"0.8.26":{"path":"StdStorage.sol/stdStorageSafe.json","build_id":"6948df710298e92ae757ccdceb5b05db"}}},"seenByCompiler":true},"lib/forge-std/src/StdStyle.sol":{"lastModificationDate":1721724809687,"contentHash":"6281165a12aa639705c691fccefd855e","sourceName":"lib/forge-std/src/StdStyle.sol","compilerSettings":{"solc":{"optimizer":{"enabled":true,"runs":200},"metadata":{"useLiteralContent":false,"bytecodeHash":"ipfs","appendCBOR":true},"outputSelection":{"*":{"*":["abi","evm.bytecode","evm.deployedBytecode","evm.methodIdentifiers","metadata"]}},"evmVersion":"paris","viaIR":false,"libraries":{}},"vyper":{"evmVersion":"paris","outputSelection":{"*":{"*":["abi","evm.bytecode","evm.deployedBytecode"]}}}},"imports":["lib/forge-std/src/Vm.sol"],"versionRequirement":">=0.4.22, <0.9.0","artifacts":{"StdStyle":{"0.8.20":{"path":"src/StdStyle.sol/StdStyle.json","build_id":"dc8e2c33fc6692a6888733515b5ee7e1"},"0.8.26":{"path":"StdStyle.sol/StdStyle.json","build_id":"6948df710298e92ae757ccdceb5b05db"}}},"seenByCompiler":true},"lib/forge-std/src/StdToml.sol":{"lastModificationDate":1721724809696,"contentHash":"2bb543c13f276e5db311aa3b81ed1651","sourceName":"lib/forge-std/src/StdToml.sol","compilerSettings":{"solc":{"optimizer":{"enabled":true,"runs":200},"metadata":{"useLiteralContent":false,"bytecodeHash":"ipfs","appendCBOR":true},"outputSelection":{"*":{"*":["abi","evm.bytecode","evm.deployedBytecode","evm.methodIdentifiers","metadata"]}},"evmVersion":"paris","viaIR":false,"libraries":{}},"vyper":{"evmVersion":"paris","outputSelection":{"*":{"*":["abi","evm.bytecode","evm.deployedBytecode"]}}}},"imports":["lib/forge-std/src/Vm.sol"],"versionRequirement":">=0.6.0, <0.9.0","artifacts":{"stdToml":{"0.8.20":{"path":"src/StdToml.sol/stdToml.json","build_id":"dc8e2c33fc6692a6888733515b5ee7e1"},"0.8.26":{"path":"StdToml.sol/stdToml.json","build_id":"6948df710298e92ae757ccdceb5b05db"}}},"seenByCompiler":true},"lib/forge-std/src/StdUtils.sol":{"lastModificationDate":1721724809706,"contentHash":"b50717f17f251a2a96a5884c90add7bf","sourceName":"lib/forge-std/src/StdUtils.sol","compilerSettings":{"solc":{"optimizer":{"enabled":true,"runs":200},"metadata":{"useLiteralContent":false,"bytecodeHash":"ipfs","appendCBOR":true},"outputSelection":{"*":{"*":["abi","evm.bytecode","evm.deployedBytecode","evm.methodIdentifiers","metadata"]}},"evmVersion":"paris","viaIR":false,"libraries":{}},"vyper":{"evmVersion":"paris","outputSelection":{"*":{"*":["abi","evm.bytecode","evm.deployedBytecode"]}}}},"imports":["lib/forge-std/src/Vm.sol","lib/forge-std/src/interfaces/IERC165.sol","lib/forge-std/src/interfaces/IERC20.sol","lib/forge-std/src/interfaces/IERC721.sol","lib/forge-std/src/interfaces/IMulticall3.sol","lib/forge-std/src/mocks/MockERC20.sol","lib/forge-std/src/mocks/MockERC721.sol"],"versionRequirement":">=0.6.2, <0.9.0","artifacts":{"StdUtils":{"0.8.20":{"path":"src/StdUtils.sol/StdUtils.json","build_id":"dc8e2c33fc6692a6888733515b5ee7e1"},"0.8.26":{"path":"StdUtils.sol/StdUtils.json","build_id":"6948df710298e92ae757ccdceb5b05db"}}},"seenByCompiler":true},"lib/forge-std/src/Test.sol":{"lastModificationDate":1721724809716,"contentHash":"b6f15605355fc8c421fe42a90f94bf32","sourceName":"lib/forge-std/src/Test.sol","compilerSettings":{"solc":{"optimizer":{"enabled":true,"runs":200},"metadata":{"useLiteralContent":false,"bytecodeHash":"ipfs","appendCBOR":true},"outputSelection":{"*":{"*":["abi","evm.bytecode","evm.deployedBytecode","evm.methodIdentifiers","metadata"]}},"evmVersion":"paris","viaIR":false,"libraries":{}},"vyper":{"evmVersion":"paris","outputSelection":{"*":{"*":["abi","evm.bytecode","evm.deployedBytecode"]}}}},"imports":["lib/forge-std/src/Base.sol","lib/forge-std/src/StdAssertions.sol","lib/forge-std/src/StdChains.sol","lib/forge-std/src/StdCheats.sol","lib/forge-std/src/StdError.sol","lib/forge-std/src/StdInvariant.sol","lib/forge-std/src/StdJson.sol","lib/forge-std/src/StdMath.sol","lib/forge-std/src/StdStorage.sol","lib/forge-std/src/StdStyle.sol","lib/forge-std/src/StdToml.sol","lib/forge-std/src/StdUtils.sol","lib/forge-std/src/Vm.sol","lib/forge-std/src/console.sol","lib/forge-std/src/console2.sol","lib/forge-std/src/interfaces/IERC165.sol","lib/forge-std/src/interfaces/IERC20.sol","lib/forge-std/src/interfaces/IERC721.sol","lib/forge-std/src/interfaces/IMulticall3.sol","lib/forge-std/src/mocks/MockERC20.sol","lib/forge-std/src/mocks/MockERC721.sol","lib/forge-std/src/safeconsole.sol"],"versionRequirement":">=0.6.2, <0.9.0","artifacts":{"Test":{"0.8.20":{"path":"src/Test.sol/Test.json","build_id":"dc8e2c33fc6692a6888733515b5ee7e1"},"0.8.26":{"path":"Test.sol/Test.json","build_id":"6948df710298e92ae757ccdceb5b05db"}}},"seenByCompiler":true},"lib/forge-std/src/Vm.sol":{"lastModificationDate":1721724811751,"contentHash":"0cec895a9594635c0b4bf346e9d7b03a","sourceName":"lib/forge-std/src/Vm.sol","compilerSettings":{"solc":{"optimizer":{"enabled":true,"runs":200},"metadata":{"useLiteralContent":false,"bytecodeHash":"ipfs","appendCBOR":true},"outputSelection":{"*":{"*":["abi","evm.bytecode","evm.deployedBytecode","evm.methodIdentifiers","metadata"]}},"evmVersion":"paris","viaIR":false,"libraries":{}},"vyper":{"evmVersion":"paris","outputSelection":{"*":{"*":["abi","evm.bytecode","evm.deployedBytecode"]}}}},"imports":[],"versionRequirement":">=0.6.2, <0.9.0","artifacts":{"Vm":{"0.8.20":{"path":"src/Vm.sol/Vm.json","build_id":"dc8e2c33fc6692a6888733515b5ee7e1"},"0.8.26":{"path":"Vm.sol/Vm.json","build_id":"6948df710298e92ae757ccdceb5b05db"}},"VmSafe":{"0.8.20":{"path":"src/Vm.sol/VmSafe.json","build_id":"dc8e2c33fc6692a6888733515b5ee7e1"},"0.8.26":{"path":"Vm.sol/VmSafe.json","build_id":"6948df710298e92ae757ccdceb5b05db"}}},"seenByCompiler":true},"lib/forge-std/src/console.sol":{"lastModificationDate":1721724809741,"contentHash":"19bc22856c14b56e4e55ab19c7a27c87","sourceName":"lib/forge-std/src/console.sol","compilerSettings":{"solc":{"optimizer":{"enabled":true,"runs":200},"metadata":{"useLiteralContent":false,"bytecodeHash":"ipfs","appendCBOR":true},"outputSelection":{"*":{"*":["abi","evm.bytecode","evm.deployedBytecode","evm.methodIdentifiers","metadata"]}},"evmVersion":"paris","viaIR":false,"libraries":{}},"vyper":{"evmVersion":"paris","outputSelection":{"*":{"*":["abi","evm.bytecode","evm.deployedBytecode"]}}}},"imports":[],"versionRequirement":">=0.4.22, <0.9.0","artifacts":{"console":{"0.8.20":{"path":"src/console.sol/console.json","build_id":"dc8e2c33fc6692a6888733515b5ee7e1"},"0.8.26":{"path":"console.sol/console.json","build_id":"6948df710298e92ae757ccdceb5b05db"}}},"seenByCompiler":true},"lib/forge-std/src/console2.sol":{"lastModificationDate":1721724809750,"contentHash":"f65ad21034b111e70fb5342d5771efcd","sourceName":"lib/forge-std/src/console2.sol","compilerSettings":{"solc":{"optimizer":{"enabled":true,"runs":200},"metadata":{"useLiteralContent":false,"bytecodeHash":"ipfs","appendCBOR":true},"outputSelection":{"*":{"*":["abi","evm.bytecode","evm.deployedBytecode","evm.methodIdentifiers","metadata"]}},"evmVersion":"paris","viaIR":false,"libraries":{}},"vyper":{"evmVersion":"paris","outputSelection":{"*":{"*":["abi","evm.bytecode","evm.deployedBytecode"]}}}},"imports":["lib/forge-std/src/console.sol"],"versionRequirement":">=0.4.22, <0.9.0","artifacts":{},"seenByCompiler":true},"lib/forge-std/src/interfaces/IERC165.sol":{"lastModificationDate":1721724809783,"contentHash":"90fe5e2e3ed432d6f3b408e7c9e8a739","sourceName":"lib/forge-std/src/interfaces/IERC165.sol","compilerSettings":{"solc":{"optimizer":{"enabled":true,"runs":200},"metadata":{"useLiteralContent":false,"bytecodeHash":"ipfs","appendCBOR":true},"outputSelection":{"*":{"*":["abi","evm.bytecode","evm.deployedBytecode","evm.methodIdentifiers","metadata"]}},"evmVersion":"paris","viaIR":false,"libraries":{}},"vyper":{"evmVersion":"paris","outputSelection":{"*":{"*":["abi","evm.bytecode","evm.deployedBytecode"]}}}},"imports":[],"versionRequirement":">=0.6.2","artifacts":{"IERC165":{"0.8.20":{"path":"interfaces/IERC165.sol/IERC165.json","build_id":"dc8e2c33fc6692a6888733515b5ee7e1"},"0.8.26":{"path":"IERC165.sol/IERC165.json","build_id":"6948df710298e92ae757ccdceb5b05db"}}},"seenByCompiler":true},"lib/forge-std/src/interfaces/IERC20.sol":{"lastModificationDate":1721724809794,"contentHash":"8099161d518e5862a76750349d58e801","sourceName":"lib/forge-std/src/interfaces/IERC20.sol","compilerSettings":{"solc":{"optimizer":{"enabled":true,"runs":200},"metadata":{"useLiteralContent":false,"bytecodeHash":"ipfs","appendCBOR":true},"outputSelection":{"*":{"*":["abi","evm.bytecode","evm.deployedBytecode","evm.methodIdentifiers","metadata"]}},"evmVersion":"paris","viaIR":false,"libraries":{}},"vyper":{"evmVersion":"paris","outputSelection":{"*":{"*":["abi","evm.bytecode","evm.deployedBytecode"]}}}},"imports":[],"versionRequirement":">=0.6.2","artifacts":{"IERC20":{"0.8.20":{"path":"interfaces/IERC20.sol/IERC20.json","build_id":"dc8e2c33fc6692a6888733515b5ee7e1"},"0.8.26":{"path":"IERC20.sol/IERC20.json","build_id":"6948df710298e92ae757ccdceb5b05db"}}},"seenByCompiler":true},"lib/forge-std/src/interfaces/IERC721.sol":{"lastModificationDate":1721724809817,"contentHash":"efc26e7f9a2f76b68088c8760ceae2dc","sourceName":"lib/forge-std/src/interfaces/IERC721.sol","compilerSettings":{"solc":{"optimizer":{"enabled":true,"runs":200},"metadata":{"useLiteralContent":false,"bytecodeHash":"ipfs","appendCBOR":true},"outputSelection":{"*":{"*":["abi","evm.bytecode","evm.deployedBytecode","evm.methodIdentifiers","metadata"]}},"evmVersion":"paris","viaIR":false,"libraries":{}},"vyper":{"evmVersion":"paris","outputSelection":{"*":{"*":["abi","evm.bytecode","evm.deployedBytecode"]}}}},"imports":["lib/forge-std/src/interfaces/IERC165.sol"],"versionRequirement":">=0.6.2","artifacts":{"IERC721":{"0.8.20":{"path":"interfaces/IERC721.sol/IERC721.json","build_id":"dc8e2c33fc6692a6888733515b5ee7e1"},"0.8.26":{"path":"IERC721.sol/IERC721.json","build_id":"6948df710298e92ae757ccdceb5b05db"}},"IERC721Enumerable":{"0.8.20":{"path":"interfaces/IERC721.sol/IERC721Enumerable.json","build_id":"dc8e2c33fc6692a6888733515b5ee7e1"},"0.8.26":{"path":"IERC721.sol/IERC721Enumerable.json","build_id":"6948df710298e92ae757ccdceb5b05db"}},"IERC721Metadata":{"0.8.20":{"path":"interfaces/IERC721.sol/IERC721Metadata.json","build_id":"dc8e2c33fc6692a6888733515b5ee7e1"},"0.8.26":{"path":"IERC721.sol/IERC721Metadata.json","build_id":"6948df710298e92ae757ccdceb5b05db"}},"IERC721TokenReceiver":{"0.8.20":{"path":"interfaces/IERC721.sol/IERC721TokenReceiver.json","build_id":"dc8e2c33fc6692a6888733515b5ee7e1"},"0.8.26":{"path":"IERC721.sol/IERC721TokenReceiver.json","build_id":"6948df710298e92ae757ccdceb5b05db"}}},"seenByCompiler":true},"lib/forge-std/src/interfaces/IMulticall3.sol":{"lastModificationDate":1721724809827,"contentHash":"7b131ca1ca32ef6378b7b9ad5488b901","sourceName":"lib/forge-std/src/interfaces/IMulticall3.sol","compilerSettings":{"solc":{"optimizer":{"enabled":true,"runs":200},"metadata":{"useLiteralContent":false,"bytecodeHash":"ipfs","appendCBOR":true},"outputSelection":{"*":{"*":["abi","evm.bytecode","evm.deployedBytecode","evm.methodIdentifiers","metadata"]}},"evmVersion":"paris","viaIR":false,"libraries":{}},"vyper":{"evmVersion":"paris","outputSelection":{"*":{"*":["abi","evm.bytecode","evm.deployedBytecode"]}}}},"imports":[],"versionRequirement":">=0.6.2, <0.9.0","artifacts":{"IMulticall3":{"0.8.20":{"path":"interfaces/IMulticall3.sol/IMulticall3.json","build_id":"dc8e2c33fc6692a6888733515b5ee7e1"},"0.8.26":{"path":"IMulticall3.sol/IMulticall3.json","build_id":"6948df710298e92ae757ccdceb5b05db"}}},"seenByCompiler":true},"lib/forge-std/src/mocks/MockERC20.sol":{"lastModificationDate":1721724809843,"contentHash":"8e14d63e81e1d54dbc2d44df38ae9dec","sourceName":"lib/forge-std/src/mocks/MockERC20.sol","compilerSettings":{"solc":{"optimizer":{"enabled":true,"runs":200},"metadata":{"useLiteralContent":false,"bytecodeHash":"ipfs","appendCBOR":true},"outputSelection":{"*":{"*":["abi","evm.bytecode","evm.deployedBytecode","evm.methodIdentifiers","metadata"]}},"evmVersion":"paris","viaIR":false,"libraries":{}},"vyper":{"evmVersion":"paris","outputSelection":{"*":{"*":["abi","evm.bytecode","evm.deployedBytecode"]}}}},"imports":["lib/forge-std/src/interfaces/IERC20.sol"],"versionRequirement":">=0.6.2, <0.9.0","artifacts":{"MockERC20":{"0.8.20":{"path":"mocks/MockERC20.sol/MockERC20.json","build_id":"dc8e2c33fc6692a6888733515b5ee7e1"},"0.8.26":{"path":"MockERC20.sol/MockERC20.json","build_id":"6948df710298e92ae757ccdceb5b05db"}}},"seenByCompiler":true},"lib/forge-std/src/mocks/MockERC721.sol":{"lastModificationDate":1721724809853,"contentHash":"e91cd9dba7f88f03710c56a347d89d1e","sourceName":"lib/forge-std/src/mocks/MockERC721.sol","compilerSettings":{"solc":{"optimizer":{"enabled":true,"runs":200},"metadata":{"useLiteralContent":false,"bytecodeHash":"ipfs","appendCBOR":true},"outputSelection":{"*":{"*":["abi","evm.bytecode","evm.deployedBytecode","evm.methodIdentifiers","metadata"]}},"evmVersion":"paris","viaIR":false,"libraries":{}},"vyper":{"evmVersion":"paris","outputSelection":{"*":{"*":["abi","evm.bytecode","evm.deployedBytecode"]}}}},"imports":["lib/forge-std/src/interfaces/IERC165.sol","lib/forge-std/src/interfaces/IERC721.sol"],"versionRequirement":">=0.6.2, <0.9.0","artifacts":{"MockERC721":{"0.8.20":{"path":"mocks/MockERC721.sol/MockERC721.json","build_id":"dc8e2c33fc6692a6888733515b5ee7e1"},"0.8.26":{"path":"MockERC721.sol/MockERC721.json","build_id":"6948df710298e92ae757ccdceb5b05db"}}},"seenByCompiler":true},"lib/forge-std/src/safeconsole.sol":{"lastModificationDate":1721724809871,"contentHash":"ac3b1bf5a444db5db3656021830258a8","sourceName":"lib/forge-std/src/safeconsole.sol","compilerSettings":{"solc":{"optimizer":{"enabled":true,"runs":200},"metadata":{"useLiteralContent":false,"bytecodeHash":"ipfs","appendCBOR":true},"outputSelection":{"*":{"*":["abi","evm.bytecode","evm.deployedBytecode","evm.methodIdentifiers","metadata"]}},"evmVersion":"paris","viaIR":false,"libraries":{}},"vyper":{"evmVersion":"paris","outputSelection":{"*":{"*":["abi","evm.bytecode","evm.deployedBytecode"]}}}},"imports":[],"versionRequirement":">=0.6.2, <0.9.0","artifacts":{"safeconsole":{"0.8.20":{"path":"src/safeconsole.sol/safeconsole.json","build_id":"dc8e2c33fc6692a6888733515b5ee7e1"},"0.8.26":{"path":"safeconsole.sol/safeconsole.json","build_id":"6948df710298e92ae757ccdceb5b05db"}}},"seenByCompiler":true},"lib/openzeppelin-contracts-upgradeable/lib/openzeppelin-contracts/contracts/interfaces/IERC2612.sol":{"lastModificationDate":1721725429768,"contentHash":"71cf69736448a82eecbe054a13b64fc1","sourceName":"lib/openzeppelin-contracts-upgradeable/lib/openzeppelin-contracts/contracts/interfaces/IERC2612.sol","compilerSettings":{"solc":{"optimizer":{"enabled":true,"runs":200},"metadata":{"useLiteralContent":false,"bytecodeHash":"ipfs","appendCBOR":true},"outputSelection":{"*":{"*":["abi","evm.bytecode","evm.deployedBytecode","evm.methodIdentifiers","metadata"]}},"evmVersion":"paris","viaIR":false,"libraries":{}},"vyper":{"evmVersion":"paris","outputSelection":{"*":{"*":["abi","evm.bytecode","evm.deployedBytecode"]}}}},"imports":["lib/openzeppelin-contracts-upgradeable/lib/openzeppelin-contracts/contracts/token/ERC20/extensions/IERC20Permit.sol"],"versionRequirement":"^0.8.20","artifacts":{"IERC2612":{"0.8.20":{"path":"interfaces/IERC2612.sol/IERC2612.json","build_id":"dc8e2c33fc6692a6888733515b5ee7e1"},"0.8.26":{"path":"IERC2612.sol/IERC2612.json","build_id":"aa6b27c97d6c9bee10214f6bdaf694a0"}}},"seenByCompiler":true},"lib/openzeppelin-contracts-upgradeable/lib/openzeppelin-contracts/contracts/interfaces/IERC5267.sol":{"lastModificationDate":1721725429833,"contentHash":"94364524cb1a39dcbc3d3afff6d8e53e","sourceName":"lib/openzeppelin-contracts-upgradeable/lib/openzeppelin-contracts/contracts/interfaces/IERC5267.sol","compilerSettings":{"solc":{"optimizer":{"enabled":true,"runs":200},"metadata":{"useLiteralContent":false,"bytecodeHash":"ipfs","appendCBOR":true},"outputSelection":{"*":{"*":["abi","evm.bytecode","evm.deployedBytecode","evm.methodIdentifiers","metadata"]}},"evmVersion":"paris","viaIR":false,"libraries":{}},"vyper":{"evmVersion":"paris","outputSelection":{"*":{"*":["abi","evm.bytecode","evm.deployedBytecode"]}}}},"imports":[],"versionRequirement":"^0.8.20","artifacts":{"IERC5267":{"0.8.20":{"path":"interfaces/IERC5267.sol/IERC5267.json","build_id":"dc8e2c33fc6692a6888733515b5ee7e1"},"0.8.26":{"path":"IERC5267.sol/IERC5267.json","build_id":"aa6b27c97d6c9bee10214f6bdaf694a0"}}},"seenByCompiler":true},"lib/openzeppelin-contracts-upgradeable/lib/openzeppelin-contracts/contracts/interfaces/draft-IERC6093.sol":{"lastModificationDate":1721725429948,"contentHash":"4aefc698f77ecbace7f401257dfe182d","sourceName":"lib/openzeppelin-contracts-upgradeable/lib/openzeppelin-contracts/contracts/interfaces/draft-IERC6093.sol","compilerSettings":{"solc":{"optimizer":{"enabled":true,"runs":200},"metadata":{"useLiteralContent":false,"bytecodeHash":"ipfs","appendCBOR":true},"outputSelection":{"*":{"*":["abi","evm.bytecode","evm.deployedBytecode","evm.methodIdentifiers","metadata"]}},"evmVersion":"paris","viaIR":false,"libraries":{}},"vyper":{"evmVersion":"paris","outputSelection":{"*":{"*":["abi","evm.bytecode","evm.deployedBytecode"]}}}},"imports":[],"versionRequirement":"^0.8.20","artifacts":{"IERC1155Errors":{"0.8.20":{"path":"interfaces/draft-IERC6093.sol/IERC1155Errors.json","build_id":"dc8e2c33fc6692a6888733515b5ee7e1"},"0.8.26":{"path":"draft-IERC6093.sol/IERC1155Errors.json","build_id":"6948df710298e92ae757ccdceb5b05db"}},"IERC20Errors":{"0.8.20":{"path":"interfaces/draft-IERC6093.sol/IERC20Errors.json","build_id":"dc8e2c33fc6692a6888733515b5ee7e1"},"0.8.26":{"path":"draft-IERC6093.sol/IERC20Errors.json","build_id":"6948df710298e92ae757ccdceb5b05db"}},"IERC721Errors":{"0.8.20":{"path":"interfaces/draft-IERC6093.sol/IERC721Errors.json","build_id":"dc8e2c33fc6692a6888733515b5ee7e1"},"0.8.26":{"path":"draft-IERC6093.sol/IERC721Errors.json","build_id":"6948df710298e92ae757ccdceb5b05db"}}},"seenByCompiler":true},"lib/openzeppelin-contracts-upgradeable/lib/openzeppelin-contracts/contracts/token/ERC20/ERC20.sol":{"lastModificationDate":1721725431245,"contentHash":"c6375ef25e84c90b3d15f9ec4eef218f","sourceName":"lib/openzeppelin-contracts-upgradeable/lib/openzeppelin-contracts/contracts/token/ERC20/ERC20.sol","compilerSettings":{"solc":{"optimizer":{"enabled":true,"runs":200},"metadata":{"useLiteralContent":false,"bytecodeHash":"ipfs","appendCBOR":true},"outputSelection":{"*":{"*":["abi","evm.bytecode","evm.deployedBytecode","evm.methodIdentifiers","metadata"]}},"evmVersion":"paris","viaIR":false,"libraries":{}},"vyper":{"evmVersion":"paris","outputSelection":{"*":{"*":["abi","evm.bytecode","evm.deployedBytecode"]}}}},"imports":["lib/openzeppelin-contracts-upgradeable/lib/openzeppelin-contracts/contracts/interfaces/draft-IERC6093.sol","lib/openzeppelin-contracts-upgradeable/lib/openzeppelin-contracts/contracts/token/ERC20/IERC20.sol","lib/openzeppelin-contracts-upgradeable/lib/openzeppelin-contracts/contracts/token/ERC20/extensions/IERC20Metadata.sol","lib/openzeppelin-contracts-upgradeable/lib/openzeppelin-contracts/contracts/utils/Context.sol"],"versionRequirement":"^0.8.20","artifacts":{"ERC20":{"0.8.20":{"path":"ERC20/ERC20.sol/ERC20.json","build_id":"dc8e2c33fc6692a6888733515b5ee7e1"},"0.8.26":{"path":"ERC20.sol/ERC20.json","build_id":"6948df710298e92ae757ccdceb5b05db"}}},"seenByCompiler":true},"lib/openzeppelin-contracts-upgradeable/lib/openzeppelin-contracts/contracts/token/ERC20/IERC20.sol":{"lastModificationDate":1721725431254,"contentHash":"5517c8678c18eb1a8ba58810e7ca39ca","sourceName":"lib/openzeppelin-contracts-upgradeable/lib/openzeppelin-contracts/contracts/token/ERC20/IERC20.sol","compilerSettings":{"solc":{"optimizer":{"enabled":true,"runs":200},"metadata":{"useLiteralContent":false,"bytecodeHash":"ipfs","appendCBOR":true},"outputSelection":{"*":{"*":["abi","evm.bytecode","evm.deployedBytecode","evm.methodIdentifiers","metadata"]}},"evmVersion":"paris","viaIR":false,"libraries":{}},"vyper":{"evmVersion":"paris","outputSelection":{"*":{"*":["abi","evm.bytecode","evm.deployedBytecode"]}}}},"imports":[],"versionRequirement":"^0.8.20","artifacts":{"IERC20":{"0.8.20":{"path":"token/ERC20/IERC20.sol/IERC20.json","build_id":"dc8e2c33fc6692a6888733515b5ee7e1"},"0.8.26":{"path":"ERC20/IERC20.sol/IERC20.json","build_id":"6948df710298e92ae757ccdceb5b05db"}}},"seenByCompiler":true},"lib/openzeppelin-contracts-upgradeable/lib/openzeppelin-contracts/contracts/token/ERC20/extensions/IERC20Metadata.sol":{"lastModificationDate":1721725431375,"contentHash":"4c02fa6f7ae7b6c289cef80424f0c875","sourceName":"lib/openzeppelin-contracts-upgradeable/lib/openzeppelin-contracts/contracts/token/ERC20/extensions/IERC20Metadata.sol","compilerSettings":{"solc":{"optimizer":{"enabled":true,"runs":200},"metadata":{"useLiteralContent":false,"bytecodeHash":"ipfs","appendCBOR":true},"outputSelection":{"*":{"*":["abi","evm.bytecode","evm.deployedBytecode","evm.methodIdentifiers","metadata"]}},"evmVersion":"paris","viaIR":false,"libraries":{}},"vyper":{"evmVersion":"paris","outputSelection":{"*":{"*":["abi","evm.bytecode","evm.deployedBytecode"]}}}},"imports":["lib/openzeppelin-contracts-upgradeable/lib/openzeppelin-contracts/contracts/token/ERC20/IERC20.sol"],"versionRequirement":"^0.8.20","artifacts":{"IERC20Metadata":{"0.8.20":{"path":"extensions/IERC20Metadata.sol/IERC20Metadata.json","build_id":"dc8e2c33fc6692a6888733515b5ee7e1"},"0.8.26":{"path":"IERC20Metadata.sol/IERC20Metadata.json","build_id":"6948df710298e92ae757ccdceb5b05db"}}},"seenByCompiler":true},"lib/openzeppelin-contracts-upgradeable/lib/openzeppelin-contracts/contracts/token/ERC20/extensions/IERC20Permit.sol":{"lastModificationDate":1721725431387,"contentHash":"da291753fa4641f2c5837bfc4aa4c01b","sourceName":"lib/openzeppelin-contracts-upgradeable/lib/openzeppelin-contracts/contracts/token/ERC20/extensions/IERC20Permit.sol","compilerSettings":{"solc":{"optimizer":{"enabled":true,"runs":200},"metadata":{"useLiteralContent":false,"bytecodeHash":"ipfs","appendCBOR":true},"outputSelection":{"*":{"*":["abi","evm.bytecode","evm.deployedBytecode","evm.methodIdentifiers","metadata"]}},"evmVersion":"paris","viaIR":false,"libraries":{}},"vyper":{"evmVersion":"paris","outputSelection":{"*":{"*":["abi","evm.bytecode","evm.deployedBytecode"]}}}},"imports":[],"versionRequirement":"^0.8.20","artifacts":{"IERC20Permit":{"0.8.20":{"path":"extensions/IERC20Permit.sol/IERC20Permit.json","build_id":"dc8e2c33fc6692a6888733515b5ee7e1"},"0.8.26":{"path":"IERC20Permit.sol/IERC20Permit.json","build_id":"aa6b27c97d6c9bee10214f6bdaf694a0"}}},"seenByCompiler":true},"lib/openzeppelin-contracts-upgradeable/lib/openzeppelin-contracts/contracts/utils/Context.sol":{"lastModificationDate":1721725431715,"contentHash":"67bfbc07588eb8683b3fd8f6f909563e","sourceName":"lib/openzeppelin-contracts-upgradeable/lib/openzeppelin-contracts/contracts/utils/Context.sol","compilerSettings":{"solc":{"optimizer":{"enabled":true,"runs":200},"metadata":{"useLiteralContent":false,"bytecodeHash":"ipfs","appendCBOR":true},"outputSelection":{"*":{"*":["abi","evm.bytecode","evm.deployedBytecode","evm.methodIdentifiers","metadata"]}},"evmVersion":"paris","viaIR":false,"libraries":{}},"vyper":{"evmVersion":"paris","outputSelection":{"*":{"*":["abi","evm.bytecode","evm.deployedBytecode"]}}}},"imports":[],"versionRequirement":"^0.8.20","artifacts":{"Context":{"0.8.20":{"path":"utils/Context.sol/Context.json","build_id":"dc8e2c33fc6692a6888733515b5ee7e1"},"0.8.26":{"path":"Context.sol/Context.json","build_id":"6948df710298e92ae757ccdceb5b05db"}}},"seenByCompiler":true},"lib/openzeppelin-contracts-upgradeable/lib/openzeppelin-contracts/contracts/utils/ShortStrings.sol":{"lastModificationDate":1721725431831,"contentHash":"1b71929454f558e486d1f4f2471f29d4","sourceName":"lib/openzeppelin-contracts-upgradeable/lib/openzeppelin-contracts/contracts/utils/ShortStrings.sol","compilerSettings":{"solc":{"optimizer":{"enabled":true,"runs":200},"metadata":{"useLiteralContent":false,"bytecodeHash":"ipfs","appendCBOR":true},"outputSelection":{"*":{"*":["abi","evm.bytecode","evm.deployedBytecode","evm.methodIdentifiers","metadata"]}},"evmVersion":"paris","viaIR":false,"libraries":{}},"vyper":{"evmVersion":"paris","outputSelection":{"*":{"*":["abi","evm.bytecode","evm.deployedBytecode"]}}}},"imports":["lib/openzeppelin-contracts-upgradeable/lib/openzeppelin-contracts/contracts/utils/StorageSlot.sol"],"versionRequirement":"^0.8.20","artifacts":{"ShortStrings":{"0.8.20":{"path":"utils/ShortStrings.sol/ShortStrings.json","build_id":"dc8e2c33fc6692a6888733515b5ee7e1"},"0.8.26":{"path":"ShortStrings.sol/ShortStrings.json","build_id":"aa6b27c97d6c9bee10214f6bdaf694a0"}}},"seenByCompiler":true},"lib/openzeppelin-contracts-upgradeable/lib/openzeppelin-contracts/contracts/utils/StorageSlot.sol":{"lastModificationDate":1721725431836,"contentHash":"08cbccfefa284405c12b4bfa8c8c9c2b","sourceName":"lib/openzeppelin-contracts-upgradeable/lib/openzeppelin-contracts/contracts/utils/StorageSlot.sol","compilerSettings":{"solc":{"optimizer":{"enabled":true,"runs":200},"metadata":{"useLiteralContent":false,"bytecodeHash":"ipfs","appendCBOR":true},"outputSelection":{"*":{"*":["abi","evm.bytecode","evm.deployedBytecode","evm.methodIdentifiers","metadata"]}},"evmVersion":"paris","viaIR":false,"libraries":{}},"vyper":{"evmVersion":"paris","outputSelection":{"*":{"*":["abi","evm.bytecode","evm.deployedBytecode"]}}}},"imports":[],"versionRequirement":"^0.8.20","artifacts":{"StorageSlot":{"0.8.20":{"path":"utils/StorageSlot.sol/StorageSlot.json","build_id":"dc8e2c33fc6692a6888733515b5ee7e1"},"0.8.26":{"path":"StorageSlot.sol/StorageSlot.json","build_id":"aa6b27c97d6c9bee10214f6bdaf694a0"}}},"seenByCompiler":true},"lib/openzeppelin-contracts-upgradeable/lib/openzeppelin-contracts/contracts/utils/Strings.sol":{"lastModificationDate":1721725431853,"contentHash":"ba57ff4ddf1d9cae9d2009792795b7f6","sourceName":"lib/openzeppelin-contracts-upgradeable/lib/openzeppelin-contracts/contracts/utils/Strings.sol","compilerSettings":{"solc":{"optimizer":{"enabled":true,"runs":200},"metadata":{"useLiteralContent":false,"bytecodeHash":"ipfs","appendCBOR":true},"outputSelection":{"*":{"*":["abi","evm.bytecode","evm.deployedBytecode","evm.methodIdentifiers","metadata"]}},"evmVersion":"paris","viaIR":false,"libraries":{}},"vyper":{"evmVersion":"paris","outputSelection":{"*":{"*":["abi","evm.bytecode","evm.deployedBytecode"]}}}},"imports":["lib/openzeppelin-contracts-upgradeable/lib/openzeppelin-contracts/contracts/utils/math/Math.sol","lib/openzeppelin-contracts-upgradeable/lib/openzeppelin-contracts/contracts/utils/math/SignedMath.sol"],"versionRequirement":"^0.8.20","artifacts":{"Strings":{"0.8.20":{"path":"utils/Strings.sol/Strings.json","build_id":"dc8e2c33fc6692a6888733515b5ee7e1"},"0.8.26":{"path":"Strings.sol/Strings.json","build_id":"aa6b27c97d6c9bee10214f6bdaf694a0"}}},"seenByCompiler":true},"lib/openzeppelin-contracts-upgradeable/lib/openzeppelin-contracts/contracts/utils/cryptography/ECDSA.sol":{"lastModificationDate":1721725431875,"contentHash":"b96e0d7a3c2b185342c7d083d765b61f","sourceName":"lib/openzeppelin-contracts-upgradeable/lib/openzeppelin-contracts/contracts/utils/cryptography/ECDSA.sol","compilerSettings":{"solc":{"optimizer":{"enabled":true,"runs":200},"metadata":{"useLiteralContent":false,"bytecodeHash":"ipfs","appendCBOR":true},"outputSelection":{"*":{"*":["abi","evm.bytecode","evm.deployedBytecode","evm.methodIdentifiers","metadata"]}},"evmVersion":"paris","viaIR":false,"libraries":{}},"vyper":{"evmVersion":"paris","outputSelection":{"*":{"*":["abi","evm.bytecode","evm.deployedBytecode"]}}}},"imports":[],"versionRequirement":"^0.8.20","artifacts":{"ECDSA":{"0.8.20":{"path":"cryptography/ECDSA.sol/ECDSA.json","build_id":"dc8e2c33fc6692a6888733515b5ee7e1"},"0.8.26":{"path":"ECDSA.sol/ECDSA.json","build_id":"aa6b27c97d6c9bee10214f6bdaf694a0"}}},"seenByCompiler":true},"lib/openzeppelin-contracts-upgradeable/lib/openzeppelin-contracts/contracts/utils/cryptography/EIP712.sol":{"lastModificationDate":1721725431888,"contentHash":"33f2efa11c674f59f4b8365be7a58da9","sourceName":"lib/openzeppelin-contracts-upgradeable/lib/openzeppelin-contracts/contracts/utils/cryptography/EIP712.sol","compilerSettings":{"solc":{"optimizer":{"enabled":true,"runs":200},"metadata":{"useLiteralContent":false,"bytecodeHash":"ipfs","appendCBOR":true},"outputSelection":{"*":{"*":["abi","evm.bytecode","evm.deployedBytecode","evm.methodIdentifiers","metadata"]}},"evmVersion":"paris","viaIR":false,"libraries":{}},"vyper":{"evmVersion":"paris","outputSelection":{"*":{"*":["abi","evm.bytecode","evm.deployedBytecode"]}}}},"imports":["lib/openzeppelin-contracts-upgradeable/lib/openzeppelin-contracts/contracts/interfaces/IERC5267.sol","lib/openzeppelin-contracts-upgradeable/lib/openzeppelin-contracts/contracts/utils/ShortStrings.sol","lib/openzeppelin-contracts-upgradeable/lib/openzeppelin-contracts/contracts/utils/StorageSlot.sol","lib/openzeppelin-contracts-upgradeable/lib/openzeppelin-contracts/contracts/utils/Strings.sol","lib/openzeppelin-contracts-upgradeable/lib/openzeppelin-contracts/contracts/utils/cryptography/MessageHashUtils.sol","lib/openzeppelin-contracts-upgradeable/lib/openzeppelin-contracts/contracts/utils/math/Math.sol","lib/openzeppelin-contracts-upgradeable/lib/openzeppelin-contracts/contracts/utils/math/SignedMath.sol"],"versionRequirement":"^0.8.20","artifacts":{"EIP712":{"0.8.20":{"path":"cryptography/EIP712.sol/EIP712.json","build_id":"dc8e2c33fc6692a6888733515b5ee7e1"},"0.8.26":{"path":"EIP712.sol/EIP712.json","build_id":"aa6b27c97d6c9bee10214f6bdaf694a0"}}},"seenByCompiler":true},"lib/openzeppelin-contracts-upgradeable/lib/openzeppelin-contracts/contracts/utils/cryptography/MessageHashUtils.sol":{"lastModificationDate":1721725431902,"contentHash":"9e5eec59eaffa554d6cca561dcb914eb","sourceName":"lib/openzeppelin-contracts-upgradeable/lib/openzeppelin-contracts/contracts/utils/cryptography/MessageHashUtils.sol","compilerSettings":{"solc":{"optimizer":{"enabled":true,"runs":200},"metadata":{"useLiteralContent":false,"bytecodeHash":"ipfs","appendCBOR":true},"outputSelection":{"*":{"*":["abi","evm.bytecode","evm.deployedBytecode","evm.methodIdentifiers","metadata"]}},"evmVersion":"paris","viaIR":false,"libraries":{}},"vyper":{"evmVersion":"paris","outputSelection":{"*":{"*":["abi","evm.bytecode","evm.deployedBytecode"]}}}},"imports":["lib/openzeppelin-contracts-upgradeable/lib/openzeppelin-contracts/contracts/utils/Strings.sol","lib/openzeppelin-contracts-upgradeable/lib/openzeppelin-contracts/contracts/utils/math/Math.sol","lib/openzeppelin-contracts-upgradeable/lib/openzeppelin-contracts/contracts/utils/math/SignedMath.sol"],"versionRequirement":"^0.8.20","artifacts":{"MessageHashUtils":{"0.8.20":{"path":"cryptography/MessageHashUtils.sol/MessageHashUtils.json","build_id":"dc8e2c33fc6692a6888733515b5ee7e1"},"0.8.26":{"path":"MessageHashUtils.sol/MessageHashUtils.json","build_id":"aa6b27c97d6c9bee10214f6bdaf694a0"}}},"seenByCompiler":true},"lib/openzeppelin-contracts-upgradeable/lib/openzeppelin-contracts/contracts/utils/math/Math.sol":{"lastModificationDate":1721725431993,"contentHash":"718fa8ba0ff269c92e364c1429d9de57","sourceName":"lib/openzeppelin-contracts-upgradeable/lib/openzeppelin-contracts/contracts/utils/math/Math.sol","compilerSettings":{"solc":{"optimizer":{"enabled":true,"runs":200},"metadata":{"useLiteralContent":false,"bytecodeHash":"ipfs","appendCBOR":true},"outputSelection":{"*":{"*":["abi","evm.bytecode","evm.deployedBytecode","evm.methodIdentifiers","metadata"]}},"evmVersion":"paris","viaIR":false,"libraries":{}},"vyper":{"evmVersion":"paris","outputSelection":{"*":{"*":["abi","evm.bytecode","evm.deployedBytecode"]}}}},"imports":[],"versionRequirement":"^0.8.20","artifacts":{"Math":{"0.8.20":{"path":"math/Math.sol/Math.json","build_id":"dc8e2c33fc6692a6888733515b5ee7e1"},"0.8.26":{"path":"Math.sol/Math.json","build_id":"aa6b27c97d6c9bee10214f6bdaf694a0"}}},"seenByCompiler":true},"lib/openzeppelin-contracts-upgradeable/lib/openzeppelin-contracts/contracts/utils/math/SignedMath.sol":{"lastModificationDate":1721725432019,"contentHash":"b6c6bdc7aaca4fe5b680760a72e09d3e","sourceName":"lib/openzeppelin-contracts-upgradeable/lib/openzeppelin-contracts/contracts/utils/math/SignedMath.sol","compilerSettings":{"solc":{"optimizer":{"enabled":true,"runs":200},"metadata":{"useLiteralContent":false,"bytecodeHash":"ipfs","appendCBOR":true},"outputSelection":{"*":{"*":["abi","evm.bytecode","evm.deployedBytecode","evm.methodIdentifiers","metadata"]}},"evmVersion":"paris","viaIR":false,"libraries":{}},"vyper":{"evmVersion":"paris","outputSelection":{"*":{"*":["abi","evm.bytecode","evm.deployedBytecode"]}}}},"imports":[],"versionRequirement":"^0.8.20","artifacts":{"SignedMath":{"0.8.20":{"path":"math/SignedMath.sol/SignedMath.json","build_id":"dc8e2c33fc6692a6888733515b5ee7e1"},"0.8.26":{"path":"SignedMath.sol/SignedMath.json","build_id":"aa6b27c97d6c9bee10214f6bdaf694a0"}}},"seenByCompiler":true},"src/RNTIDO.sol":{"lastModificationDate":1721815874626,"contentHash":"2e8b92e28f3edb1a30f6b7f48f3cb5ff","sourceName":"src/RNTIDO.sol","compilerSettings":{"solc":{"optimizer":{"enabled":true,"runs":200},"metadata":{"useLiteralContent":false,"bytecodeHash":"ipfs","appendCBOR":true},"outputSelection":{"*":{"*":["abi","evm.bytecode","evm.deployedBytecode","evm.methodIdentifiers","metadata"]}},"evmVersion":"paris","viaIR":false,"libraries":{}},"vyper":{"evmVersion":"paris","outputSelection":{"*":{"*":["abi","evm.bytecode","evm.deployedBytecode"]}}}},"imports":["lib/forge-std/src/console.sol","lib/openzeppelin-contracts-upgradeable/lib/openzeppelin-contracts/contracts/interfaces/draft-IERC6093.sol","lib/openzeppelin-contracts-upgradeable/lib/openzeppelin-contracts/contracts/token/ERC20/ERC20.sol","lib/openzeppelin-contracts-upgradeable/lib/openzeppelin-contracts/contracts/token/ERC20/IERC20.sol","lib/openzeppelin-contracts-upgradeable/lib/openzeppelin-contracts/contracts/token/ERC20/extensions/IERC20Metadata.sol","lib/openzeppelin-contracts-upgradeable/lib/openzeppelin-contracts/contracts/utils/Context.sol"],"versionRequirement":"^0.8.20","artifacts":{"RNT":{"0.8.20":{"path":"RNTIDO.sol/RNT.json","build_id":"e8739e3c7e38290fa641cb3210d07f6c"}},"RNTIDO":{"0.8.20":{"path":"RNTIDO.sol/RNTIDO.json","build_id":"e8739e3c7e38290fa641cb3210d07f6c"}}},"seenByCompiler":true},"src/SigUtils.sol":{"lastModificationDate":1721819200690,"contentHash":"20401848cb96e9f2257a17440857af31","sourceName":"src/SigUtils.sol","compilerSettings":{"solc":{"optimizer":{"enabled":true,"runs":200},"metadata":{"useLiteralContent":false,"bytecodeHash":"ipfs","appendCBOR":true},"outputSelection":{"*":{"*":["abi","evm.bytecode","evm.deployedBytecode","evm.methodIdentifiers","metadata"]}},"evmVersion":"paris","viaIR":false,"libraries":{}},"vyper":{"evmVersion":"paris","outputSelection":{"*":{"*":["abi","evm.bytecode","evm.deployedBytecode"]}}}},"imports":[],"versionRequirement":"=0.8.20","artifacts":{"SigUtils":{"0.8.20":{"path":"SigUtils.sol/SigUtils.json","build_id":"4bf12e4917a9bb13f1f7504a1843afee"}}},"seenByCompiler":true},"src/StakePool.sol":{"lastModificationDate":1721834548938,"contentHash":"90f80ccc28bdcdcc03669d2a4e98568f","sourceName":"src/StakePool.sol","compilerSettings":{"solc":{"optimizer":{"enabled":true,"runs":200},"metadata":{"useLiteralContent":false,"bytecodeHash":"ipfs","appendCBOR":true},"outputSelection":{"*":{"*":["abi","evm.bytecode","evm.deployedBytecode","evm.methodIdentifiers","metadata"]}},"evmVersion":"paris","viaIR":false,"libraries":{}},"vyper":{"evmVersion":"paris","outputSelection":{"*":{"*":["abi","evm.bytecode","evm.deployedBytecode"]}}}},"imports":["lib/forge-std/src/console.sol","lib/openzeppelin-contracts-upgradeable/lib/openzeppelin-contracts/contracts/interfaces/IERC2612.sol","lib/openzeppelin-contracts-upgradeable/lib/openzeppelin-contracts/contracts/interfaces/IERC5267.sol","lib/openzeppelin-contracts-upgradeable/lib/openzeppelin-contracts/contracts/interfaces/draft-IERC6093.sol","lib/openzeppelin-contracts-upgradeable/lib/openzeppelin-contracts/contracts/token/ERC20/ERC20.sol","lib/openzeppelin-contracts-upgradeable/lib/openzeppelin-contracts/contracts/token/ERC20/IERC20.sol","lib/openzeppelin-contracts-upgradeable/lib/openzeppelin-contracts/contracts/token/ERC20/extensions/IERC20Metadata.sol","lib/openzeppelin-contracts-upgradeable/lib/openzeppelin-contracts/contracts/token/ERC20/extensions/IERC20Permit.sol","lib/openzeppelin-contracts-upgradeable/lib/openzeppelin-contracts/contracts/utils/Context.sol","lib/openzeppelin-contracts-upgradeable/lib/openzeppelin-contracts/contracts/utils/ShortStrings.sol","lib/openzeppelin-contracts-upgradeable/lib/openzeppelin-contracts/contracts/utils/StorageSlot.sol","lib/openzeppelin-contracts-upgradeable/lib/openzeppelin-contracts/contracts/utils/Strings.sol","lib/openzeppelin-contracts-upgradeable/lib/openzeppelin-contracts/contracts/utils/cryptography/ECDSA.sol","lib/openzeppelin-contracts-upgradeable/lib/openzeppelin-contracts/contracts/utils/cryptography/EIP712.sol","lib/openzeppelin-contracts-upgradeable/lib/openzeppelin-contracts/contracts/utils/cryptography/MessageHashUtils.sol","lib/openzeppelin-contracts-upgradeable/lib/openzeppelin-contracts/contracts/utils/math/Math.sol","lib/openzeppelin-contracts-upgradeable/lib/openzeppelin-contracts/contracts/utils/math/SignedMath.sol","src/RNTIDO.sol"],"versionRequirement":"^0.8.20","artifacts":{"RNTToken":{"0.8.20":{"path":"StakePool.sol/RNTToken.json","build_id":"ff5cf1d7d73c2476a11250bb9d1e536e"}},"StakingContract":{"0.8.20":{"path":"StakePool.sol/StakingContract.json","build_id":"ff5cf1d7d73c2476a11250bb9d1e536e"}}},"seenByCompiler":true},"test/StakePool.t.sol":{"lastModificationDate":1721836275441,"contentHash":"b836693ce79fefb3ad67c753a6ed7125","sourceName":"test/StakePool.t.sol","compilerSettings":{"solc":{"optimizer":{"enabled":true,"runs":200},"metadata":{"useLiteralContent":false,"bytecodeHash":"ipfs","appendCBOR":true},"outputSelection":{"*":{"*":["abi","evm.bytecode","evm.deployedBytecode","evm.methodIdentifiers","metadata"]}},"evmVersion":"paris","viaIR":false,"libraries":{}},"vyper":{"evmVersion":"paris","outputSelection":{"*":{"*":["abi","evm.bytecode","evm.deployedBytecode"]}}}},"imports":["lib/forge-std/src/Base.sol","lib/forge-std/src/StdAssertions.sol","lib/forge-std/src/StdChains.sol","lib/forge-std/src/StdCheats.sol","lib/forge-std/src/StdError.sol","lib/forge-std/src/StdInvariant.sol","lib/forge-std/src/StdJson.sol","lib/forge-std/src/StdMath.sol","lib/forge-std/src/StdStorage.sol","lib/forge-std/src/StdStyle.sol","lib/forge-std/src/StdToml.sol","lib/forge-std/src/StdUtils.sol","lib/forge-std/src/Test.sol","lib/forge-std/src/Vm.sol","lib/forge-std/src/console.sol","lib/forge-std/src/console2.sol","lib/forge-std/src/interfaces/IERC165.sol","lib/forge-std/src/interfaces/IERC20.sol","lib/forge-std/src/interfaces/IERC721.sol","lib/forge-std/src/interfaces/IMulticall3.sol","lib/forge-std/src/mocks/MockERC20.sol","lib/forge-std/src/mocks/MockERC721.sol","lib/forge-std/src/safeconsole.sol","lib/openzeppelin-contracts-upgradeable/lib/openzeppelin-contracts/contracts/interfaces/IERC2612.sol","lib/openzeppelin-contracts-upgradeable/lib/openzeppelin-contracts/contracts/interfaces/IERC5267.sol","lib/openzeppelin-contracts-upgradeable/lib/openzeppelin-contracts/contracts/interfaces/draft-IERC6093.sol","lib/openzeppelin-contracts-upgradeable/lib/openzeppelin-contracts/contracts/token/ERC20/ERC20.sol","lib/openzeppelin-contracts-upgradeable/lib/openzeppelin-contracts/contracts/token/ERC20/IERC20.sol","lib/openzeppelin-contracts-upgradeable/lib/openzeppelin-contracts/contracts/token/ERC20/extensions/IERC20Metadata.sol","lib/openzeppelin-contracts-upgradeable/lib/openzeppelin-contracts/contracts/token/ERC20/extensions/IERC20Permit.sol","lib/openzeppelin-contracts-upgradeable/lib/openzeppelin-contracts/contracts/utils/Context.sol","lib/openzeppelin-contracts-upgradeable/lib/openzeppelin-contracts/contracts/utils/ShortStrings.sol","lib/openzeppelin-contracts-upgradeable/lib/openzeppelin-contracts/contracts/utils/StorageSlot.sol","lib/openzeppelin-contracts-upgradeable/lib/openzeppelin-contracts/contracts/utils/Strings.sol","lib/openzeppelin-contracts-upgradeable/lib/openzeppelin-contracts/contracts/utils/cryptography/ECDSA.sol","lib/openzeppelin-contracts-upgradeable/lib/openzeppelin-contracts/contracts/utils/cryptography/EIP712.sol","lib/openzeppelin-contracts-upgradeable/lib/openzeppelin-contracts/contracts/utils/cryptography/MessageHashUtils.sol","lib/openzeppelin-contracts-upgradeable/lib/openzeppelin-contracts/contracts/utils/math/Math.sol","lib/openzeppelin-contracts-upgradeable/lib/openzeppelin-contracts/contracts/utils/math/SignedMath.sol","src/RNTIDO.sol","src/StakePool.sol"],"versionRequirement":"^0.8.20","artifacts":{"StakingContractTest":{"0.8.20":{"path":"StakePool.t.sol/StakingContractTest.json","build_id":"baf3b56d14298a1b552720ec8674225f"}}},"seenByCompiler":true}},"builds":["036f0fe1f05913b2e51e47f7f5c5b208","038d35aa64f24aa920dab4de121b3282","056c75727cba3d659d650a9213d8491d","0b065d1d1bb915361930abdb919dfc31","0babaf88332528bd659f5262943c0bae","0ef188848c1158956cf14d7588d63808","0fa699128d1d429cc016a5f39d65cdfe","0fd3a6ddbeb607e6515c4e270788a95a","15134f5db09653df355d468f92507f1b","16d8cd877ac2a42137e29179ae5e33d5","1bccfd25283a50b51a41b9f96c63f1c8","20f71c4be64e2c1e633ab21a2a8e2011","22322f35965831fef75de7e4c97b90a2","2293de5a0fe01b1b8ff6272103db43bf","2fb983f590644c9bfe4b03fdf2ee1e87","33d2e8c87e7020f72ad86262fbfce133","3832b792f3ec603d9bef19899edac015","3dae8fdaff55a3f1ce8cf99d8ca5f2df","3ec0c2b3c2cead60a19594477e397582","42823c79324731045fe98681ce243aaa","4557b1b98a02e883809257734b15e650","4624b207f246a53059784264ce5f53e5","49fc6ddeb7134a414575eafe583b1991","4bf12e4917a9bb13f1f7504a1843afee","5c71a68fd9571ba02fb6334b3475a58d","5f463e44101702b70b30b7028a45d8cd","61e540a72330633d5eeda9d036ee4bab","63ea3362115d78c50db52ecff6d3e484","6618159d8ae132c6834d328e39c6d1e1","664cab8edf098a6fe110156d080c5641","687cd0289e170cbd078658d1054b389d","6891e1d241d1c606c0cf8dfada5ae9ab","6948df710298e92ae757ccdceb5b05db","6a500e93f87310aae956ec91d3c9e410","6a88c2f288cc1d68e6b0bae5b3d04391","6ca0325f715f6ed0dc1b9c4eafe0f086","6d51a2dbdcfd3689fddefb9ed2f61b3b","6f5001cc0a2d188c88e18be5d6de1d7a","70292005a777bde56af5c887ef0dfbf7","752b7769688acd69e1e14910e402d8f1","7587dca1437ad66ec2112e3285cd65cd","7e2488454d46851bc6d428b9fd517fe0","7fbc0320635aa6fec95b8ae83f922e26","873a767aead75cbbfc1687b1e97a00d1","8d5da0af6bfbc6733aa46c68d37f281e","93c5871c66053f0a2292e6a4763e2529","941ffb8bb332f489a7c061b71b90de18","977626f95aa5f7eae525368f0c471fc2","97ec2270b5b27c0eab86f11548f3e0f8","9b99e3f20aea588f148054ae75f5ed86","9d9ab1014bd22587d8cc0cc5ac439324","9de4516fbd3eb139850b56e0493e3392","a096457b5813897e7d0a8f77007f5c6a","a0f6a219c5446c878bd8aa39895eaa2a","a56230666b747ce9d62558285007a3dc","a681d29ead10bdad17737fb17d4b8e51","a6b2ea0d1c4e045d0c7f35d45dd8fbf3","aa6b27c97d6c9bee10214f6bdaf694a0","abca75755b1e7f3fbfe897bd7ba67f54","ace354e60d88946dea8c3032cb27b73e","aec7a2b367b3b2b00c3b511d2dd734f5","b3d5156b653f89f7a6795d1ad238e8fa","b4f7835be53a86ff2046c8a19e963d0f","b6c677d700e4ca638d1da9bb2060108e","b6fa151f093895bfbfc90dea31cc24c9","baf3b56d14298a1b552720ec8674225f","bbc39267c10bdd882476e1134c81cf4f","c29c2a3ebf6617f37a1a22bff00ab9fb","c313b36f15d8f987332200ad2d1e38d1","c46f87c257a722d7988c969baeb7b04b","c6c22d1b8ab9c9ccd9bae5aa97cc61a0","c8b74f965273fcfcb24317c5f43b941e","c96f207855ea70d0d60bef0c767b97f5","c97356e273ac749ee796a7bb11f01ddb","cd9d0c01723fcc16686a1349a3a11407","d69ebe21fd576f882efa957c65fcba83","d7e4c6c74b0301cdccddb782d2c9112d","da0ff06f65d8d72dc815b49229ab37d4","da3fbeddb6a6f6e8245aa78cef55bbb5","daecf8d0f143fb7ba3c94c5b8cb85644","daefa0e8c165fc6ab596b5e67827fc2a","dc8e2c33fc6692a6888733515b5ee7e1","e322d3d3b08efd12241dd8607e67b72e","e379d3f45e2184ccf93d6d4f43c49218","e8739e3c7e38290fa641cb3210d07f6c","e8d55d277aad73992a8972bf60b39e67","f16d341284db29e07913e4e4f0a268fe","f17e391a9a2a29b9a6b83659e6e1be3b","f1a5a60cd4b7415eaf32e309766fb885","f56d1eee6f6d4f9ff49880bd56a26c42","f5d5b1aefc24d1e36828642e6561ba3e","fbd0ba861028563f0f6843650869e7b4","fc359ee1073e78e6e6d210286b36baf0","fe72342c307f735169c9f1c1bb314510","ff5cf1d7d73c2476a11250bb9d1e536e"]}